{
    "plugins": [
        "mobi.monaca.plugins.Monaca",
        "org.apache.cordova.splashscreen"
    ],
    "framework_version": "3.5",
    "xcode_version": "6",
    "cordova_version": "4.1",
    "plugin_settings": [],
    "external_plugins": [],
    "title-ja": "GPSLocation",
    "title-en": "",
    "description-ja": "",
    "description-en": "",
    "category": "User Template",
    "platform": [
        "android",
        "ios",
        "winrt",
        "chrome"
    ],
    "name": "generated-1451375030-56692fa6fd17340d4af47fde"
}